Instance,Algorithm,Cost,Time (s),Terminals,Nodes,Edges,Solution_Edges,Error
instance001,NetworkX Approx,1207.0,0.0023419857025146484,25,74,146,40,
instance002,NetworkX Approx,652.0,0.005645036697387695,70,133,169,118,
instance003,NetworkX Approx,45870.0,0.0024232864379882812,30,87,176,35,
instance004,NetworkX Approx,61040.0,0.00308990478515625,50,109,202,58,
instance005,NetworkX Approx,805475546.0,0.006119489669799805,100,201,253,183,
instance006,NetworkX Approx,131005.0,0.009737730026245117,198,232,256,228,
instance007,NetworkX Approx,21611.0,0.007658958435058594,100,216,288,182,
instance008,NetworkX Approx,23021.0,0.008013725280761719,100,226,306,197,
instance009,NetworkX Approx,82470307.0,0.00869894027709961,100,229,312,197,
instance010,NetworkX Approx,22465.0,0.006635904312133789,100,230,313,194,
instance011,NetworkX Approx,22095.0,0.006867647171020508,100,244,337,198,
instance012,NetworkX Approx,98425.0,0.023032665252685547,439,572,662,552,
instance013,NetworkX Approx,592059.0,0.10543560981750488,1655,1906,2083,1872,
instance014,NetworkX Approx,367043.0,0.14834356307983398,2392,3398,3966,3287,
instance015,NetworkX Approx,1473.0,0.003356456756591797,33,114,228,54,
instance016,NetworkX Approx,103078.0,0.004815101623535156,76,168,247,136,
instance017,NetworkX Approx,76067913.0,0.005962371826171875,100,210,276,178,
instance018,NetworkX Approx,54475.0,0.008980035781860352,144,221,285,183,
instance019,NetworkX Approx,74573082.0,0.00740504264831543,100,231,319,191,
instance020,NetworkX Approx,80483467.0,0.008092164993286133,100,254,361,208,
instance021,NetworkX Approx,88160.0,0.007269859313964844,100,247,486,130,
instance022,NetworkX Approx,11450163.0,0.02756023406982422,417,732,1084,612,
instance023,NetworkX Approx,3672591.0,0.050935983657836914,574,990,1258,905,
instance024,NetworkX Approx,257867.0,0.061380624771118164,1323,1598,1750,1561,
instance025,NetworkX Approx,22764950.0,0.9669570922851562,7397,8790,9815,8605,
instance026,NetworkX Approx,8878935.0,0.6970276832580566,11849,13963,15315,13730,
instance027,NetworkX Approx,10.0,0.0007715225219726562,8,15,35,10,
instance028,NetworkX Approx,32498.0,0.0073757171630859375,48,139,202,107,
instance029,NetworkX Approx,21328.0,0.005643129348754883,100,197,250,176,
instance030,NetworkX Approx,14334.0,0.0062444210052490234,105,216,323,174,
instance031,NetworkX Approx,1312.0,0.007627964019775391,99,269,399,210,
instance032,NetworkX Approx,68645.0,0.00979471206665039,152,308,431,273,
instance033,NetworkX Approx,31062.0,0.014151811599731445,200,480,670,394,
instance034,NetworkX Approx,2461.0,0.018207073211669922,262,537,723,462,
instance035,NetworkX Approx,122966986.0,0.019496440887451172,250,543,727,470,
instance036,NetworkX Approx,124554519.0,0.021968841552734375,250,596,832,504,
instance037,NetworkX Approx,171514730.0,0.04184532165527344,500,1172,1627,1001,
instance038,NetworkX Approx,2342450.0,0.06107640266418457,1084,1679,2058,1537,
instance039,NetworkX Approx,53942.0,0.07031941413879395,1173,1912,2223,1815,
instance040,NetworkX Approx,22429844.0,0.07107424736022949,1060,1835,2429,1671,
instance041,NetworkX Approx,300913.0,0.09618782997131348,1889,2382,2674,2295,
instance042,NetworkX Approx,533863.0,0.3124721050262451,5934,6827,7365,6726,
instance043,NetworkX Approx,4300416.0,0.006117820739746094,25,246,468,82,
instance044,NetworkX Approx,4300465.0,0.00478363037109375,24,262,487,84,
instance045,NetworkX Approx,28103.0,0.01385188102722168,150,389,562,313,
instance046,NetworkX Approx,28394.0,0.013155698776245117,150,420,619,330,
instance047,NetworkX Approx,122524301.0,0.020081520080566406,250,585,799,497,
instance048,NetworkX Approx,127624617.0,0.019713401794433594,250,619,872,515,
instance049,NetworkX Approx,125024918.0,0.020484447479248047,250,623,876,509,
instance050,NetworkX Approx,4259512.0,0.04378509521484375,724,1180,1537,1081,
instance051,NetworkX Approx,499407.0,0.051338911056518555,657,1416,1978,1186,
instance052,NetworkX Approx,3423.0,0.18404841423034668,2284,3997,10278,3423,
instance053,NetworkX Approx,459.0,0.004975080490112305,51,181,289,119,
instance054,NetworkX Approx,3001440.0,0.0040361881256103516,18,211,380,80,
instance055,NetworkX Approx,3400474.0,0.005040645599365234,22,233,431,87,
instance056,NetworkX Approx,3600410.0,0.0041463375091552734,21,237,444,77,
instance057,NetworkX Approx,3400253.0,0.004007816314697266,20,245,454,84,
instance058,NetworkX Approx,31466.0,0.015743732452392578,200,500,714,410,
instance059,NetworkX Approx,2560.0,0.017602205276489258,195,560,870,409,
instance060,NetworkX Approx,128705110.0,0.02029275894165039,250,657,947,528,
instance061,NetworkX Approx,14800612.0,0.014852762222290039,85,528,1017,327,
instance062,NetworkX Approx,169769831.0,1.0287697315216064,500,1203,1679,1011,
instance063,NetworkX Approx,171447838.0,0.045686960220336914,500,1214,1700,999,
instance064,NetworkX Approx,177055842.0,0.043320655822753906,500,1273,1814,1037,
instance065,NetworkX Approx,3367620.0,0.12036824226379395,1748,2856,3641,2566,
instance066,NetworkX Approx,18681620.0,0.11188507080078125,1000,2562,3655,2056,
instance067,NetworkX Approx,63793.0,0.004647493362426758,20,200,370,78,
instance068,NetworkX Approx,80883.0,0.005440711975097656,40,200,370,104,
instance069,NetworkX Approx,103355.0,0.006621837615966797,100,200,370,140,
instance070,NetworkX Approx,73.0,0.004263401031494141,50,106,399,73,
instance071,NetworkX Approx,84294934.0,0.01083517074584961,100,339,522,245,
instance072,NetworkX Approx,4800348.0,0.0053293704986572266,28,272,545,100,
instance073,NetworkX Approx,2380.0,0.0044345855712890625,10,262,740,35,
instance074,NetworkX Approx,8902308.0,0.009719371795654297,48,451,825,209,
instance075,NetworkX Approx,8001718.0,0.011542320251464844,49,557,1080,195,
instance076,NetworkX Approx,514.0,0.04002189636230469,344,743,2947,514,
instance077,NetworkX Approx,20362600.0,0.09451746940612793,1577,2413,3412,2170,
instance078,NetworkX Approx,3601.0,0.2887287139892578,2402,5202,20783,3601,
instance079,NetworkX Approx,25210.0,3.262321949005127,16808,36415,145635,25210,
instance080,NetworkX Approx,2800199.0,0.012548685073852539,16,204,374,63,
instance081,NetworkX Approx,567.0,0.031706809997558594,76,237,378,163,
instance082,NetworkX Approx,4900378.0,0.010970592498779297,29,247,505,107,
instance083,NetworkX Approx,5600396.0,0.01307821273803711,32,311,632,108,
instance084,NetworkX Approx,9902970.0,0.02498006820678711,70,637,1269,233,
instance085,NetworkX Approx,174225296.0,0.07586479187011719,500,1274,1808,1035,
instance086,NetworkX Approx,174424743.0,0.07456159591674805,500,1334,1927,1068,
instance087,NetworkX Approx,178815820.0,0.07806229591369629,500,1337,1933,1084,
instance088,NetworkX Approx,193740.0,0.07524251937866211,500,1572,3245,626,
instance089,NetworkX Approx,134981.0,0.37016987800598145,3038,5829,7552,5204,
instance090,NetworkX Approx,692.0,0.013544559478759766,101,330,538,224,
instance091,NetworkX Approx,6100630.0,0.010676860809326172,33,304,571,137,
instance092,NetworkX Approx,126818846.0,0.04101061820983887,250,713,1053,557,
instance093,NetworkX Approx,1600667271.0,0.0579829216003418,400,1001,1419,815,
instance094,NetworkX Approx,177841872.0,0.07901740074157715,500,1296,1879,1034,
instance095,NetworkX Approx,180501000.0,0.0798492431640625,500,1335,1932,1076,
instance096,NetworkX Approx,173678667.0,0.0733022689819336,500,1349,1972,1073,
instance097,NetworkX Approx,247940316.0,0.09636735916137695,1000,2629,3793,2119,
instance098,NetworkX Approx,150000558.0,0.02043294906616211,88,743,1409,261,
instance099,NetworkX Approx,174658662.0,0.051688432693481445,500,1294,1853,1043,
instance100,NetworkX Approx,185256504.0,0.05070853233337402,500,1477,2204,1131,
instance101,NetworkX Approx,250164122.0,0.09381484985351562,1000,2778,4083,2192,
instance102,NetworkX Approx,12800489.0,0.015446186065673828,75,729,1395,239,
instance103,NetworkX Approx,334529.0,0.03704261779785156,493,1055,1473,963,
instance104,NetworkX Approx,175174762.0,0.04334688186645508,500,1250,1763,1007,
instance105,NetworkX Approx,174817074.0,0.04460597038269043,500,1408,2056,1096,
instance106,NetworkX Approx,247947551.0,0.0989983081817627,1000,2546,3620,2064,
instance107,NetworkX Approx,9235.0,0.0033152103424072266,24,160,240,57,
instance108,NetworkX Approx,8900.0,0.003937721252441406,24,160,240,57,
instance109,NetworkX Approx,3400329.0,0.006001710891723633,23,257,515,83,
instance110,NetworkX Approx,91274.0,0.0500340461730957,532,1468,2152,1127,
instance111,NetworkX Approx,252404961.0,0.5458676815032959,1000,2763,4038,2156,
instance112,NetworkX Approx,256963434.0,0.10385942459106445,1000,2840,4200,2209,
instance113,NetworkX Approx,5801.0,0.002701997756958008,16,80,160,35,
instance114,NetworkX Approx,5812.0,0.0020380020141601562,16,80,160,36,
instance115,NetworkX Approx,4500351.0,0.004913330078125,27,243,497,102,
instance116,NetworkX Approx,4000342.0,0.007318019866943359,28,307,559,107,
instance117,NetworkX Approx,6601324.0,0.009383440017700195,44,398,788,146,
instance118,NetworkX Approx,42283.0,0.022613525390625,318,678,1030,532,
instance119,NetworkX Approx,42283.0,0.024507522583007812,318,678,1030,532,
instance120,NetworkX Approx,7401229.0,0.011965751647949219,43,596,1148,169,
instance121,NetworkX Approx,905.0,0.011326789855957031,18,1005,1731,133,
instance122,NetworkX Approx,251887699.0,0.10629081726074219,1000,2733,3997,2164,
instance123,NetworkX Approx,248154044.0,0.10720252990722656,1000,2762,4047,2170,
instance124,NetworkX Approx,19916294.0,0.11083483695983887,1400,2694,4546,2360,
instance125,NetworkX Approx,9191.0,0.004462480545043945,24,160,240,57,
instance126,NetworkX Approx,9936.0,0.003093242645263672,24,160,240,65,
instance127,NetworkX Approx,3600299.0,0.004984140396118164,22,294,568,87,
instance128,NetworkX Approx,2201308.0,0.004992008209228516,16,311,579,75,
instance129,NetworkX Approx,4900572.0,0.006017208099365234,31,323,592,130,
instance130,NetworkX Approx,6100431.0,0.006622791290283203,36,363,750,129,
instance131,NetworkX Approx,691.0,0.005489826202392578,16,499,861,87,
instance132,NetworkX Approx,6701269.0,0.011543035507202148,47,555,1098,185,
instance133,NetworkX Approx,11701921.0,0.01635456085205078,76,766,1535,287,
instance134,NetworkX Approx,178243475.0,0.046163320541381836,500,1322,1918,1054,
instance135,NetworkX Approx,245510069.0,0.10386800765991211,1000,2532,3615,2045,
instance136,NetworkX Approx,251968613.0,0.09699010848999023,1000,2604,3756,2076,
instance137,NetworkX Approx,249213596.0,0.09338045120239258,1000,2676,3894,2116,
instance138,NetworkX Approx,251751374.0,0.10225987434387207,1000,2815,4162,2158,
instance139,NetworkX Approx,253944076.0,0.11449456214904785,1000,2984,4484,2267,
instance140,NetworkX Approx,9071.0,0.005065202713012695,24,160,240,63,
instance141,NetworkX Approx,6400500.0,0.006525516510009766,38,294,618,135,
instance142,NetworkX Approx,5000393.0,0.0062868595123291016,30,361,724,115,
instance143,NetworkX Approx,7500493.0,0.007317781448364258,45,388,815,149,
instance144,NetworkX Approx,6100512.0,0.007962942123413086,36,435,818,142,
instance145,NetworkX Approx,5500491.0,0.007538795471191406,33,437,838,129,
instance146,NetworkX Approx,7100538.0,0.011100530624389648,41,465,955,160,
instance147,NetworkX Approx,7901439.0,0.012091875076293945,50,564,1112,191,
instance148,NetworkX Approx,8401903.0,0.012894868850708008,55,610,1201,201,
instance149,NetworkX Approx,8201351.0,0.013777017593383789,53,615,1232,215,
instance150,NetworkX Approx,9602306.0,0.018616914749145508,71,802,1609,262,
instance151,NetworkX Approx,5500490.0,0.006595611572265625,34,314,650,132,
instance152,NetworkX Approx,4600382.0,0.005804777145385742,27,370,721,100,
instance153,NetworkX Approx,10500596.0,0.01418161392211914,62,670,1316,205,
instance154,NetworkX Approx,9001703.0,0.014606237411499023,60,693,1370,235,
instance155,NetworkX Approx,928.0,0.008951663970947266,21,770,1383,120,
instance156,NetworkX Approx,9901929.0,0.017359256744384766,74,802,1620,265,
instance157,NetworkX Approx,11301724.0,0.02129530906677246,75,938,1869,321,
instance158,NetworkX Approx,250365293.0,0.5173618793487549,1000,2846,4187,2196,
instance159,NetworkX Approx,257614711.0,0.11360311508178711,1000,2865,4267,2215,
instance160,NetworkX Approx,273397.0,0.11330914497375488,1000,2858,5819,1217,
instance161,NetworkX Approx,97090.0,0.05557370185852051,100,2502,6244,184,
instance162,NetworkX Approx,135177.0,0.06809306144714355,200,2740,6578,334,
instance163,NetworkX Approx,4000436.0,0.008239984512329102,26,402,780,94,
instance164,NetworkX Approx,5300383.0,0.007831096649169922,31,390,786,114,
instance165,NetworkX Approx,4400827.0,0.008160114288330078,25,422,808,122,
instance166,NetworkX Approx,4503641.0,0.008310317993164062,24,493,963,115,
instance167,NetworkX Approx,679.0,0.007097721099853516,10,632,1087,83,
instance168,NetworkX Approx,11202113.0,0.01423192024230957,69,574,1165,241,
instance169,NetworkX Approx,531.0,0.007533550262451172,11,720,1269,71,
instance170,NetworkX Approx,8802197.0,0.016596317291259766,61,775,1538,243,
instance171,NetworkX Approx,6703734.0,0.016711950302124023,39,802,1553,202,
instance172,NetworkX Approx,10500709.0,0.020390748977661133,69,856,1621,269,
instance173,NetworkX Approx,54867.0,0.01641535758972168,50,788,1938,86,
instance174,NetworkX Approx,11002627.0,0.02342844009399414,72,1151,2274,294,
instance175,NetworkX Approx,10016.0,0.08274292945861816,783,2397,3715,1746,
instance176,NetworkX Approx,563.0,0.00705718994140625,11,663,1154,71,
instance177,NetworkX Approx,8301609.0,0.016582250595092773,59,904,1806,252,
instance178,NetworkX Approx,7779.0,0.06731200218200684,575,1986,3176,1364,
instance179,NetworkX Approx,925.0,0.00948333740234375,26,752,1264,121,
instance180,NetworkX Approx,9701882.0,0.01432657241821289,64,632,1281,235,
instance181,NetworkX Approx,8701344.0,0.014341354370117188,58,757,1493,222,
instance182,NetworkX Approx,9002209.0,0.016536474227905273,56,839,1617,253,
instance183,NetworkX Approx,11600427.0,0.01521611213684082,60,838,1763,203,
instance184,NetworkX Approx,9563.0,0.03342866897583008,100,1725,4092,174,
instance185,NetworkX Approx,252311436.0,0.09268832206726074,1000,2834,4207,2178,
instance186,NetworkX Approx,26779673.0,0.20924639701843262,3795,4859,6539,4597,
instance187,NetworkX Approx,3803337.0,0.011060476303100586,21,529,1032,127,
instance188,NetworkX Approx,9401717.0,0.03178858757019043,68,917,1850,259,
instance189,NetworkX Approx,5200486.0,0.008022308349609375,30,467,896,126,
instance190,NetworkX Approx,6200216.0,0.013571023941040039,39,703,1616,112,
instance191,NetworkX Approx,64521.0,0.16974425315856934,1379,5096,8105,3559,
instance192,NetworkX Approx,6700610.0,0.010741949081420898,40,538,1088,163,
instance193,NetworkX Approx,1081.0,0.022284269332885742,16,1848,3286,149,
instance194,NetworkX Approx,6200502.0,0.011245965957641602,38,603,1207,144,
instance195,NetworkX Approx,1500.0,0.017580509185791016,29,1724,2975,196,
instance196,NetworkX Approx,1072.0,0.023700952529907227,18,2050,3676,160,
instance197,NetworkX Approx,140375.0,0.5356955528259277,200,6128,15264,399,
instance198,NetworkX Approx,783412384.0,1.5447397232055664,10000,27019,39407,21479,
instance199,NetworkX Approx,5900438.0,0.020054101943969727,37,1011,2010,180,
instance200,NetworkX Approx,5500575.0,0.020914554595947266,34,1244,2474,190,
